Bình luận gốc,"Sau chuẩn hoá
(bỏ dấu câu, hạ chữ thường)","Sau tách từ
(bỏ stopword)"
Mọi người không nên mua,mọi người không nên mua,người không mua
Camera rất tệ.pin ổn.ko nên mua.,camera rất tệ pin ổn ko nên mua,camera rất tệ pin ổn ko mua
Xoá vật thể AI xài đc vài tháng bjo xoá k đc. Cần hổ trợ,xoá vật thể ai xài đc vài tháng bjo xoá k đc cần hổ trợ,xoá vật thể xài đc vài bjo xoá k đc cần hổ trợ
Hôm qua ra thế giới Di Động mua 8trieu 4 sao trên này giá khác,hôm qua ra thế giới di động mua 8trieu 4 sao trên này giá khác,thế giới di động mua 8trieu 4 sao giá khác
Oki đó ae ...sóng mạnh,oki đó ae sóng mạnh,oki ae sóng mạnh
Máy dùng thi thoảng đơ cảm ứng dùng quá chán,máy dùng thi thoảng đơ cảm ứng dùng quá chán,máy dùng thi thoảng đơ cảm ứng dùng quá chán
Sao tiktok của mình không hiện cửa hàng vậy shop,sao tiktok của mình không hiện cửa hàng vậy shop,sao tiktok không hiện cửa hàng shop
"Tôt, nhân viên tư vấn nhiệt tình",tôt nhân viên tư vấn nhiệt tình,tôt nhân viên tư vấn nhiệt tình
Tản nhiệt ko tốt. Cam 50mpx j mai mờ câm,tản nhiệt ko tốt cam 50mpx j mai mờ câm,tản nhiệt ko tốt cam 50mpx j mờ câm
"Camera trước chụp hình xấu quá, pin tuột nhanh",camera trước chụp hình xấu quá pin tuột nhanh,camera trước chụp hình xấu quá pin tuột nhanh
